{
    "button": {
        "prototype": "montage/lab/skeleton/point/button.reel",
        "properties": {
            "element": {"#": "button"}
        }
    },
    
    "toggle": {
        "prototype": "montage/lab/skeleton/point/toggle.reel",
        "properties": {
            "element": {"#": "toggle"}
        }
    },

    "checkbox": {
        "prototype": "montage/lab/skeleton/point/input-checkbox.reel",

        "properties": {
            "element": {"#": "inputCheckbox"}
        }
    },

    "radio1": {
        "prototype": "montage/lab/skeleton/point/input-radio.reel",
        "properties": {
            "element": {"#": "inputRadio1"}
        }
    },

    "radio2": {
        "prototype": "montage/lab/skeleton/point/input-radio.reel",
        "properties": {
            "element": {"#": "inputRadio2"}
        }
    },

    "radio3": {
        "prototype": "montage/lab/skeleton/point/input-radio.reel",
        "properties": {
            "element": {"#": "inputRadio3"}
        }
    },
    
    "select": {
        "prototype": "montage/lab/skeleton/point/select.reel",
        "properties": {
            "element": {"#": "select"}
        }
    },

    "inputText": {
        "prototype": "montage/lab/skeleton/point/input-text.reel",
        "properties": {
            "element": {"#": "inputText"}
        }
    },
    
    "textarea": {
        "prototype": "montage/lab/skeleton/point/textarea.reel",
        "properties": {
            "element": {"#": "textarea"}
        }
    },

    "inputNumber": {
        "prototype": "montage/lab/skeleton/point/input-number.reel",
        "properties": {
            "element": {"#": "inputNumber"}
        }
    },

    "inputRange": {
        "prototype": "montage/lab/skeleton/point/input-range.reel",
        "properties": {
            "element": {"#": "inputRange"}
        }
    },
    
    "progress": {
        "prototype": "montage/lab/skeleton/point/progress.reel",
        "properties": {
            "element": {"#": "progress"}
        }
    }
    
}
